{
  "means": {
    "Destination Port": -6.776413931948078e-17,
    "Flow Duration": 1.1294023219913463e-17,
    "Total Fwd Packets": 0.0,
    "Total Backward Packets": -2.8235058049783656e-19,
    "Total Length of Fwd Packets": -3.6705575464718756e-18,
    "Total Length of Bwd Packets": -2.8235058049783656e-19,
    "Fwd Packet Length Max": -2.2588046439826926e-17,
    "Fwd Packet Length Min": 2.1458644117835578e-17,
    "Fwd Packet Length Mean": 2.2588046439826926e-17,
    "Fwd Packet Length Std": -3.1623265015757694e-17,
    "Bwd Packet Length Max": -3.614087430372308e-17,
    "Bwd Packet Length Min": 7.228174860744616e-17,
    "Bwd Packet Length Mean": -1.807043715186154e-17,
    "Bwd Packet Length Std": -3.614087430372308e-17,
    "Flow Bytes/s": 8.470517414935097e-19,
    "Flow Packets/s": 1.807043715186154e-17,
    "Flow IAT Mean": 1.1294023219913462e-18,
    "Flow IAT Std": 1.807043715186154e-17,
    "Flow IAT Max": 4.517609287965385e-18,
    "Flow IAT Min": 0.0,
    "Fwd IAT Total": -6.550533467549808e-17,
    "Fwd IAT Mean": 1.3552827863896156e-17,
    "Fwd IAT Std": -9.03521857593077e-18,
    "Fwd IAT Max": 2.710565572779231e-17,
    "Fwd IAT Min": 1.3552827863896156e-17,
    "Bwd IAT Total": 3.1623265015757694e-17,
    "Bwd IAT Mean": -1.1294023219913463e-17,
    "Bwd IAT Std": -4.743489752363654e-17,
    "Bwd IAT Max": 1.1294023219913463e-17,
    "Bwd IAT Min": 4.517609287965385e-18,
    "Fwd PSH Flags": 7.228174860744616e-17,
    "Bwd PSH Flags": 0.0,
    "Fwd URG Flags": -1.1294023219913463e-17,
    "Bwd URG Flags": 0.0,
    "Fwd Header Length": -1.4117529024891828e-19,
    "Bwd Header Length": 0.0,
    "Fwd Packets/s": 2.2588046439826926e-17,
    "Bwd Packets/s": 2.484685108380962e-17,
    "Min Packet Length": -5.421131145558462e-17,
    "Max Packet Length": -5.421131145558462e-17,
    "Packet Length Mean": -5.421131145558462e-17,
    "Packet Length Std": -1.807043715186154e-17,
    "Packet Length Variance": 5.421131145558462e-17,
    "FIN Flag Count": 4.517609287965385e-18,
    "SYN Flag Count": 7.228174860744616e-17,
    "RST Flag Count": 1.1294023219913462e-18,
    "PSH Flag Count": -5.421131145558462e-17,
    "ACK Flag Count": 2.8235058049783653e-17,
    "URG Flag Count": 7.228174860744616e-17,
    "CWE Flag Count": -1.1294023219913463e-17,
    "ECE Flag Count": -4.517609287965385e-18,
    "Down/Up Ratio": 1.807043715186154e-17,
    "Average Packet Size": 3.614087430372308e-17,
    "Avg Fwd Segment Size": 2.2588046439826926e-17,
    "Avg Bwd Segment Size": 3.614087430372308e-17,
    "Fwd Header Length.1": -1.4117529024891828e-19,
    "Fwd Avg Bytes/Bulk": 0.0,
    "Fwd Avg Packets/Bulk": 0.0,
    "Fwd Avg Bulk Rate": 0.0,
    "Bwd Avg Bytes/Bulk": 0.0,
    "Bwd Avg Packets/Bulk": 0.0,
    "Bwd Avg Bulk Rate": 0.0,
    "Subflow Fwd Packets": 0.0,
    "Subflow Fwd Bytes": 1.1294023219913462e-18,
    "Subflow Bwd Packets": -2.8235058049783656e-19,
    "Subflow Bwd Bytes": -8.470517414935097e-19,
    "Init_Win_bytes_forward": 5.872892074355001e-17,
    "Init_Win_bytes_backward": -4.0658483591688466e-17,
    "act_data_pkt_fwd": -8.470517414935097e-19,
    "min_seg_size_forward": -5.647011609956731e-19,
    "Active Mean": 2.710565572779231e-17,
    "Active Std": -4.517609287965385e-18,
    "Active Max": 5.6470116099567314e-18,
    "Active Min": -9.03521857593077e-18,
    "Idle Mean": -6.776413931948078e-17,
    "Idle Std": 2.710565572779231e-17,
    "Idle Max": 4.517609287965385e-17,
    "Idle Min": 4.517609287965385e-17
  },
  "stds": {
    "Destination Port": 1.0000003104478907,
    "Flow Duration": 1.0000003104478907,
    "Total Fwd Packets": 1.000000310447891,
    "Total Backward Packets": 1.0000003104478907,
    "Total Length of Fwd Packets": 1.0000003104478907,
    "Total Length of Bwd Packets": 1.000000310447891,
    "Fwd Packet Length Max": 1.000000310447891,
    "Fwd Packet Length Min": 1.000000310447891,
    "Fwd Packet Length Mean": 1.000000310447891,
    "Fwd Packet Length Std": 1.000000310447891,
    "Bwd Packet Length Max": 1.000000310447891,
    "Bwd Packet Length Min": 1.000000310447891,
    "Bwd Packet Length Mean": 1.0000003104478907,
    "Bwd Packet Length Std": 1.0000003104478907,
    "Flow Bytes/s": 1.0000003104478912,
    "Flow Packets/s": 1.000000310447891,
    "Flow IAT Mean": 1.000000310447891,
    "Flow IAT Std": 1.000000310447891,
    "Flow IAT Max": 1.000000310447891,
    "Flow IAT Min": 1.000000310447891,
    "Fwd IAT Total": 1.000000310447891,
    "Fwd IAT Mean": 1.000000310447891,
    "Fwd IAT Std": 1.000000310447891,
    "Fwd IAT Max": 1.000000310447891,
    "Fwd IAT Min": 1.000000310447891,
    "Bwd IAT Total": 1.000000310447891,
    "Bwd IAT Mean": 1.000000310447891,
    "Bwd IAT Std": 1.0000003104478907,
    "Bwd IAT Max": 1.000000310447891,
    "Bwd IAT Min": 1.000000310447891,
    "Fwd PSH Flags": 1.0000003104478907,
    "Bwd PSH Flags": 0.0,
    "Fwd URG Flags": 1.000000310447891,
    "Bwd URG Flags": 0.0,
    "Fwd Header Length": 1.000000310447891,
    "Bwd Header Length": 1.000000310447891,
    "Fwd Packets/s": 1.000000310447891,
    "Bwd Packets/s": 1.000000310447891,
    "Min Packet Length": 1.000000310447891,
    "Max Packet Length": 1.0000003104478907,
    "Packet Length Mean": 1.0000003104478907,
    "Packet Length Std": 1.000000310447891,
    "Packet Length Variance": 1.000000310447891,
    "FIN Flag Count": 1.000000310447891,
    "SYN Flag Count": 1.0000003104478907,
    "RST Flag Count": 1.0000003104478912,
    "PSH Flag Count": 1.000000310447891,
    "ACK Flag Count": 1.000000310447891,
    "URG Flag Count": 1.0000003104478912,
    "CWE Flag Count": 1.000000310447891,
    "ECE Flag Count": 1.000000310447891,
    "Down/Up Ratio": 1.000000310447891,
    "Average Packet Size": 1.000000310447891,
    "Avg Fwd Segment Size": 1.000000310447891,
    "Avg Bwd Segment Size": 1.000000310447891,
    "Fwd Header Length.1": 1.000000310447891,
    "Fwd Avg Bytes/Bulk": 0.0,
    "Fwd Avg Packets/Bulk": 0.0,
    "Fwd Avg Bulk Rate": 0.0,
    "Bwd Avg Bytes/Bulk": 0.0,
    "Bwd Avg Packets/Bulk": 0.0,
    "Bwd Avg Bulk Rate": 0.0,
    "Subflow Fwd Packets": 1.000000310447891,
    "Subflow Fwd Bytes": 1.000000310447891,
    "Subflow Bwd Packets": 1.0000003104478907,
    "Subflow Bwd Bytes": 1.000000310447891,
    "Init_Win_bytes_forward": 1.000000310447891,
    "Init_Win_bytes_backward": 1.000000310447891,
    "act_data_pkt_fwd": 1.000000310447891,
    "min_seg_size_forward": 1.000000310447891,
    "Active Mean": 1.000000310447891,
    "Active Std": 1.000000310447891,
    "Active Max": 1.000000310447891,
    "Active Min": 1.000000310447891,
    "Idle Mean": 1.000000310447891,
    "Idle Std": 1.0000003104478907,
    "Idle Max": 1.000000310447891,
    "Idle Min": 1.000000310447891
  },
  "mins": {
    "Destination Port": -0.4566131280931477,
    "Flow Duration": -0.36558558813675246,
    "Total Fwd Packets": -0.011243934596985241,
    "Total Backward Packets": -0.010682374479881197,
    "Total Length of Fwd Packets": -0.04561840975357615,
    "Total Length of Bwd Packets": -0.007295841363287828,
    "Fwd Packet Length Max": -0.24452506488756431,
    "Fwd Packet Length Min": -0.2842873321447327,
    "Fwd Packet Length Mean": -0.27392762918944685,
    "Fwd Packet Length Std": -0.20130706708301727,
    "Bwd Packet Length Max": -0.38558333711463494,
    "Bwd Packet Length Min": -0.603703724133886,
    "Bwd Packet Length Mean": -0.44337576323690664,
    "Bwd Packet Length Std": -0.33127445021361995,
    "Flow Bytes/s": -10.660125990332347,
    "Flow Packets/s": -9.18376026660284,
    "Flow IAT Mean": -0.23913280015921812,
    "Flow IAT Std": -0.2908114900659324,
    "Flow IAT Max": -0.31137347349597944,
    "Flow IAT Min": -0.04379735863802848,
    "Fwd IAT Total": -0.35574716615030755,
    "Fwd IAT Mean": -0.2063626893351789,
    "Fwd IAT Std": -0.28174782890123795,
    "Fwd IAT Max": -0.29879992548517864,
    "Fwd IAT Min": -0.110343827808683,
    "Bwd IAT Total": -0.3164221477996328,